date,open,high,low,close,volume,empty
2023-01-02T00:00:00+0530,11.25,11.8,10.7,11.55,203732,0
2023-01-03T00:00:00+0530,11.9,12.3,11.2,12,359000,0
2023-01-04T00:00:00+0530,11.8,12,11.2,11.4,122466,0
2023-01-05T00:00:00+0530,11.55,13,11.3,12.15,496512,0
2023-01-06T00:00:00+0530,12.7,12.7,11.7,11.8,121303,0
2023-01-09T00:00:00+0530,12.3,12.3,11.6,11.75,61929,0
2023-01-10T00:00:00+0530,11.95,11.95,11.2,11.35,67987,0
2023-01-11T00:00:00+0530,11.5,11.8,11.35,11.4,42037,0
2023-01-12T00:00:00+0530,11.55,11.6,11.15,11.3,65815,0
2023-01-13T00:00:00+0530,11.55,11.55,11.1,11.15,67683,0
2023-01-16T00:00:00+0530,11.05,12.1,11.05,11.95,243369,0
2023-01-17T00:00:00+0530,12.25,12.25,11.55,11.6,101564,0
2023-01-18T00:00:00+0530,11.6,12.2,11.4,11.75,80293,0
2023-01-19T00:00:00+0530,11.5,12,11.1,11.95,230578,0
2023-01-20T00:00:00+0530,12.05,12.1,11.4,11.5,108577,0
2023-01-23T00:00:00+0530,11.85,12.2,11.6,11.9,124860,0
2023-01-24T00:00:00+0530,11.7,12.25,11.6,11.75,119080,0
2023-01-25T00:00:00+0530,11.9,11.9,11.55,11.6,82755,0
2023-01-27T00:00:00+0530,11.95,11.95,11.3,11.4,80058,0
2023-01-30T00:00:00+0530,11.35,11.35,10.5,10.75,92928,0
2023-01-31T00:00:00+0530,10.65,11.9,10.6,11.5,88175,0
2023-02-01T00:00:00+0530,11.85,11.85,10.95,11.2,51907,0
2023-02-02T00:00:00+0530,11.4,11.5,10.85,10.9,58991,0
2023-02-03T00:00:00+0530,10.9,11.45,10.65,10.75,59055,0
2023-02-06T00:00:00+0530,10.95,11.15,10.65,10.85,56152,0
2023-02-07T00:00:00+0530,10.85,11,10.6,10.65,82786,0
2023-02-08T00:00:00+0530,10.75,10.75,10.15,10.35,159337,0
2023-02-09T00:00:00+0530,10.5,10.5,10.25,10.4,33604,0
2023-02-10T00:00:00+0530,10.3,10.55,10.25,10.45,34664,0
2023-02-13T00:00:00+0530,10.5,10.8,10.15,10.2,24135,0
2023-02-14T00:00:00+0530,10.2,10.5,9.3,9.8,149890,0
2023-02-15T00:00:00+0530,9.9,10.15,9.7,9.85,76287,0
2023-02-16T00:00:00+0530,9.75,10.45,9.65,10,76092,0
2023-02-17T00:00:00+0530,9.85,10.15,9,9.4,289244,0
2023-02-20T00:00:00+0530,9.4,9.9,9.25,9.6,90040,0
2023-02-21T00:00:00+0530,9.7,9.85,9.3,9.45,107076,0
2023-02-22T00:00:00+0530,9.4,9.6,9.2,9.25,80415,0
2023-02-23T00:00:00+0530,9.15,9.5,9.05,9.35,72359,0
2023-02-24T00:00:00+0530,9.65,9.65,9.3,9.4,28186,0
2023-02-27T00:00:00+0530,9.5,9.55,9.05,9.2,41031,0
2023-02-28T00:00:00+0530,9.15,9.4,9.15,9.2,31774,0
2023-03-01T00:00:00+0530,9.4,9.5,9.2,9.4,34914,0
2023-03-02T00:00:00+0530,9.35,9.55,9.2,9.4,16994,0
2023-03-03T00:00:00+0530,9.5,9.85,9.3,9.55,111920,0
2023-03-06T00:00:00+0530,9.6,10,9.45,9.65,85895,0
2023-03-08T00:00:00+0530,9.7,10.1,9.4,9.95,103522,0
2023-03-09T00:00:00+0530,10.2,10.3,9.7,9.8,98058,0
2023-03-10T00:00:00+0530,10,10,9.55,9.7,79002,0
2023-03-13T00:00:00+0530,9.5,9.75,9.35,9.4,77866,0
2023-03-14T00:00:00+0530,9.3,9.45,9.05,9.3,55086,0
2023-03-15T00:00:00+0530,9.3,9.6,9.3,9.3,37860,0
2023-03-16T00:00:00+0530,9.5,9.5,9.1,9.25,71427,0
2023-03-17T00:00:00+0530,9.5,9.65,9.15,9.35,86713,0
2023-03-20T00:00:00+0530,9.6,9.7,8.9,9.1,75574,0
2023-03-21T00:00:00+0530,9.25,9.45,9.1,9.1,33560,0
2023-03-22T00:00:00+0530,9.3,9.3,8.9,9.3,39204,0
2023-03-23T00:00:00+0530,9.25,9.35,8.8,9,79213,0
2023-03-24T00:00:00+0530,9.2,9.25,8.65,8.8,90680,0
2023-03-27T00:00:00+0530,8.7,9,8.1,8.2,137881,0
2023-03-28T00:00:00+0530,8.35,8.5,7.65,7.8,201302,0
2023-03-29T00:00:00+0530,7.8,8.35,7.6,8.15,71307,0
2023-03-31T00:00:00+0530,8.2,8.65,8,8.35,76332,0
2023-04-03T00:00:00+0530,9,9,8.55,8.75,29423,0
2023-04-05T00:00:00+0530,8.95,9.1,8.65,8.85,52535,0
2023-04-06T00:00:00+0530,9.2,9.25,8.75,9.1,38491,0
2023-04-10T00:00:00+0530,9.75,9.75,9.3,9.45,55571,0
2023-04-11T00:00:00+0530,9.5,9.6,8.4,9.25,126805,0
2023-04-12T00:00:00+0530,9.45,9.45,9,9.2,32798,0
2023-04-13T00:00:00+0530,9.2,9.4,9.1,9.25,32111,0
2023-04-17T00:00:00+0530,9.35,9.35,9,9.1,28395,0
2023-04-18T00:00:00+0530,9.1,9.35,9.05,9.15,57787,0
2023-04-19T00:00:00+0530,9,9.4,8.95,9,89314,0
2023-04-20T00:00:00+0530,9.2,9.2,9,9.05,49107,0
2023-04-21T00:00:00+0530,8.95,9.2,8.95,9.05,49049,0
2023-04-24T00:00:00+0530,9.05,9.2,9,9.05,71183,0
2023-04-25T00:00:00+0530,9.05,9.25,8.95,9,29113,0
2023-04-26T00:00:00+0530,9.1,9.25,8.95,9.1,136222,0
2023-04-27T00:00:00+0530,9.05,9.3,9.05,9.15,34986,0
2023-04-28T00:00:00+0530,9.4,9.4,9.05,9.1,31391,0
2023-05-02T00:00:00+0530,9.1,9.25,9,9.25,123182,0
2023-05-03T00:00:00+0530,9.3,9.7,9.05,9.45,126725,0
2023-05-04T00:00:00+0530,9.55,9.55,9.35,9.4,40718,0
2023-05-05T00:00:00+0530,9.3,9.5,9.25,9.3,32756,0
2023-05-08T00:00:00+0530,9.1,9.45,9.1,9.3,26632,0
2023-05-09T00:00:00+0530,9.45,9.45,9.1,9.15,35139,0
2023-05-10T00:00:00+0530,9.5,9.5,8.9,9.05,74768,0
2023-05-11T00:00:00+0530,8.95,9.15,8.95,9.1,29800,0
2023-05-12T00:00:00+0530,9.1,9.25,9.05,9.1,17092,0
2023-05-15T00:00:00+0530,9.05,9.3,9.05,9.25,61387,0
2023-05-16T00:00:00+0530,9.35,9.35,9.05,9.1,90229,0
2023-05-17T00:00:00+0530,9.1,9.3,8.95,9.1,62236,0
2023-05-18T00:00:00+0530,9.1,9.2,9,9.1,40342,0
2023-05-19T00:00:00+0530,9.1,9.1,9,9,37845,0
2023-05-22T00:00:00+0530,9.1,9.2,8.95,9.05,41445,0
2023-05-23T00:00:00+0530,9.2,9.25,9,9.15,75726,0
2023-05-24T00:00:00+0530,9.4,9.4,9.05,9.1,66876,0
2023-05-25T00:00:00+0530,9.35,9.35,9.05,9.1,59238,0
2023-05-26T00:00:00+0530,9.35,9.35,9.1,9.15,62628,0
2023-05-29T00:00:00+0530,9.4,9.4,9.1,9.2,96815,0
2023-05-30T00:00:00+0530,9.4,10,9.1,9.35,273140,0
2023-05-31T00:00:00+0530,9.25,10,9.25,9.35,87910,0
2023-06-01T00:00:00+0530,9.5,9.55,9.25,9.3,54766,0
2023-06-02T00:00:00+0530,9.4,9.4,9.25,9.3,58284,0
2023-06-05T00:00:00+0530,9.3,9.4,9.1,9.25,72493,0
2023-06-06T00:00:00+0530,9.15,9.35,9.15,9.2,61242,0
2023-06-07T00:00:00+0530,9.3,9.45,9.15,9.4,68561,0
2023-06-08T00:00:00+0530,9.5,9.5,9.3,9.45,39714,0
2023-06-09T00:00:00+0530,9.6,9.6,9.35,9.5,54057,0
2023-06-12T00:00:00+0530,9.65,9.7,9.5,9.6,49664,0
2023-06-13T00:00:00+0530,9.75,9.85,9.6,9.65,77679,0
2023-06-14T00:00:00+0530,9.9,9.9,9.5,9.6,53400,0
2023-06-15T00:00:00+0530,9.5,9.65,9.2,9.3,130356,0
2023-06-16T00:00:00+0530,9.45,9.55,9.2,9.35,78020,0
2023-06-19T00:00:00+0530,9.5,9.5,9.1,9.25,55795,0
2023-06-20T00:00:00+0530,9.4,9.5,9.25,9.4,73189,0
2023-06-21T00:00:00+0530,9.6,9.7,9.3,9.4,57961,0
2023-06-22T00:00:00+0530,9.6,9.65,9.4,9.6,42776,0
2023-06-23T00:00:00+0530,9.5,9.65,9.35,9.45,30333,0
2023-06-26T00:00:00+0530,9.6,9.6,9.2,9.3,45113,0
2023-06-27T00:00:00+0530,9.35,9.5,9.25,9.4,62905,0
2023-06-28T00:00:00+0530,9.5,9.5,9.1,9.3,60514,0
2023-06-30T00:00:00+0530,9.3,9.5,9.3,9.4,64973,0
2023-07-03T00:00:00+0530,9.35,9.6,9.25,9.3,77486,0
2023-07-04T00:00:00+0530,9.4,9.4,9.2,9.25,43798,0
2023-07-05T00:00:00+0530,9.2,9.4,9.15,9.25,56464,0
2023-07-06T00:00:00+0530,9.2,9.3,9.1,9.15,53828,0
2023-07-07T00:00:00+0530,9.15,9.35,9.1,9.25,29769,0
2023-07-10T00:00:00+0530,9.1,9.35,9.05,9.1,91432,0
2023-07-11T00:00:00+0530,9.05,9.35,8.9,9.1,74616,0
2023-07-12T00:00:00+0530,8.9,9.25,8.9,9.15,72916,0
2023-07-13T00:00:00+0530,9.3,9.3,8.85,9,55218,0
2023-07-14T00:00:00+0530,9,9.15,8.85,9,39589,0
2023-07-17T00:00:00+0530,9.2,9.25,8.9,9.2,75236,0
2023-07-18T00:00:00+0530,9.25,9.3,9,9.1,64108,0
2023-07-19T00:00:00+0530,9.25,9.25,9,9.05,40868,0
2023-07-20T00:00:00+0530,9.05,9.15,9,9.1,54970,0
2023-07-21T00:00:00+0530,9.25,9.25,9,9.1,77142,0
2023-07-24T00:00:00+0530,9.25,10.2,9.2,9.7,483550,0
2023-07-25T00:00:00+0530,10.2,10.35,9.6,9.8,221718,0
2023-07-26T00:00:00+0530,10,10,9.5,9.55,102364,0
2023-07-27T00:00:00+0530,9.75,9.8,9.35,9.4,105866,0
2023-07-28T00:00:00+0530,9.45,9.9,9.35,9.5,75579,0
2023-07-31T00:00:00+0530,10,10.2,9.65,10,236997,0
2023-08-01T00:00:00+0530,10.1,10.4,9.75,9.85,225349,0
2023-08-02T00:00:00+0530,9.85,10,9.55,9.65,131304,0
2023-08-03T00:00:00+0530,9.5,9.8,9.45,9.7,70799,0
2023-08-04T00:00:00+0530,9.8,9.9,9.6,9.75,89113,0
2023-08-07T00:00:00+0530,10.25,11.7,9.95,11.5,2438510,0
2023-08-08T00:00:00+0530,11.5,11.5,10.7,10.85,718218,0
2023-08-09T00:00:00+0530,10.9,11.45,10.7,11.15,404853,0
2023-08-10T00:00:00+0530,11.45,11.45,10.55,10.75,242317,0
2023-08-11T00:00:00+0530,10.75,10.8,10.1,10.25,316056,0
2023-08-14T00:00:00+0530,10.3,10.35,9.95,10.25,105454,0
2023-08-16T00:00:00+0530,10,10.3,9.95,10.1,168051,0
2023-08-17T00:00:00+0530,10.1,10.15,10,10.05,72174,0
2023-08-18T00:00:00+0530,10.15,10.15,9.7,9.8,133790,0
2023-08-21T00:00:00+0530,9.85,9.95,9.75,9.85,99140,0
2023-08-22T00:00:00+0530,10,10.5,9.85,10.35,191772,0
2023-08-23T00:00:00+0530,10.65,12.4,10.6,12.4,4174105,0
2023-08-24T00:00:00+0530,13,13.5,12.5,12.75,2331783,0
2023-08-25T00:00:00+0530,12.85,13.2,12,12.2,547831,0
2023-08-28T00:00:00+0530,12.35,12.4,12,12.05,238415,0
2023-08-29T00:00:00+0530,12.25,12.3,11.7,11.85,226740,0
2023-08-30T00:00:00+0530,12,12.15,11.85,12.1,199737,0
2023-08-31T00:00:00+0530,12.4,12.4,11.75,11.85,165920,0
2023-09-01T00:00:00+0530,12.05,12.1,11.7,11.75,130692,0
2023-09-04T00:00:00+0530,12,12.05,11.6,11.75,237871,0
2023-09-05T00:00:00+0530,12,12,11.65,11.65,151594,0
2023-09-06T00:00:00+0530,11.75,12,11.6,11.7,184150,0
2023-09-07T00:00:00+0530,11.85,12.1,11.7,11.85,165046,0
2023-09-08T00:00:00+0530,12.1,12.1,11.6,11.7,235987,0
2023-09-11T00:00:00+0530,11.9,11.9,11.65,11.7,124075,0
2023-09-12T00:00:00+0530,11.85,11.9,10.85,10.85,301192,0
2023-09-13T00:00:00+0530,10.65,11.2,10.5,11.1,175108,0
2023-09-14T00:00:00+0530,11,12.35,11,12,523683,0
2023-09-15T00:00:00+0530,11.85,12.3,11.85,12,279758,0
2023-09-18T00:00:00+0530,12,12.1,11.6,11.65,196356,0
2023-09-20T00:00:00+0530,11.8,11.8,11.35,11.45,70893,0
2023-09-21T00:00:00+0530,11.7,11.7,11.1,11.15,161814,0
2023-09-22T00:00:00+0530,11.1,11.45,11,11.05,102469,0
2023-09-25T00:00:00+0530,11.25,11.25,10.8,10.85,128596,0
2023-09-26T00:00:00+0530,10.9,11.1,10.7,10.8,85117,0
2023-09-27T00:00:00+0530,10.65,11.8,10.65,11.65,133908,0
2023-09-28T00:00:00+0530,11.65,12.7,11.6,11.9,478162,0
2023-09-29T00:00:00+0530,12.1,12.55,11.9,12.1,178697,0
2023-10-03T00:00:00+0530,12.1,12.2,11.85,11.9,73334,0
2023-10-04T00:00:00+0530,11.85,11.9,11.2,11.45,189621,0
2023-10-05T00:00:00+0530,11.5,11.8,11.35,11.5,55121,0
2023-10-06T00:00:00+0530,11.55,12,11.35,11.7,107626,0
2023-10-09T00:00:00+0530,11.7,11.7,10.1,11.05,132162,0
2023-10-10T00:00:00+0530,11.1,11.7,11.1,11.4,78327,0
2023-10-11T00:00:00+0530,11.4,11.55,11.2,11.3,69376,0
2023-10-12T00:00:00+0530,11.5,11.5,11.3,11.45,42854,0
2023-10-13T00:00:00+0530,11.5,11.5,11.3,11.35,65191,0
2023-10-16T00:00:00+0530,11.5,11.5,11.15,11.25,85334,0
2023-10-17T00:00:00+0530,11.5,11.5,11.2,11.35,60688,0
2023-10-18T00:00:00+0530,11.4,11.45,11.05,11.1,90156,0
2023-10-19T00:00:00+0530,11.1,11.3,10.9,11,77837,0
2023-10-20T00:00:00+0530,11,11.2,10.85,10.9,103065,0
2023-10-23T00:00:00+0530,10.7,11.1,10.3,10.35,94669,0
2023-10-25T00:00:00+0530,10.4,10.6,9.9,10.1,128494,0
2023-10-26T00:00:00+0530,10.15,10.2,9.45,10,126231,0
2023-10-27T00:00:00+0530,10,10.5,10,10.25,80721,0
2023-10-30T00:00:00+0530,10.5,10.75,10.3,10.6,74731,0
2023-10-31T00:00:00+0530,10.75,11.05,10.55,10.65,41388,0
2023-11-01T00:00:00+0530,10.55,11,10.5,10.6,34558,0
2023-11-02T00:00:00+0530,10.6,10.95,10.55,10.75,37907,0
2023-11-03T00:00:00+0530,10.95,11.75,10.7,11.4,229730,0
2023-11-06T00:00:00+0530,11.5,11.95,11.4,11.85,445562,0
2023-11-07T00:00:00+0530,11.95,12.2,11.4,11.8,176706,0
2023-11-08T00:00:00+0530,11.75,11.95,11.3,11.4,204558,0
2023-11-09T00:00:00+0530,11.6,11.6,11.05,11.45,140890,0
2023-11-10T00:00:00+0530,11.6,11.8,11.15,11.5,116942,0
2023-11-12T00:00:00+0530,11.6,12.05,11.5,11.7,31176,0
2023-11-13T00:00:00+0530,11.85,11.9,11.5,11.65,67307,0
2023-11-15T00:00:00+0530,11.75,12,11.5,11.6,139455,0
2023-11-16T00:00:00+0530,11.8,11.8,11.4,11.5,91261,0
2023-11-17T00:00:00+0530,11.7,11.85,11.35,11.5,251922,0
2023-11-20T00:00:00+0530,11.5,12,11.5,11.9,298152,0
2023-11-21T00:00:00+0530,12,12.1,11.6,11.8,213275,0
2023-11-22T00:00:00+0530,11.6,11.95,11.3,11.4,153987,0
2023-11-23T00:00:00+0530,11.4,11.7,11.4,11.55,67206,0
2023-11-24T00:00:00+0530,11.6,11.65,11.25,11.4,83722,0
2023-11-28T00:00:00+0530,11.4,11.6,11.1,11.2,92130,0
2023-11-29T00:00:00+0530,11.4,11.4,10.5,11,285107,0
2023-11-30T00:00:00+0530,11.15,11.15,10.8,10.9,110583,0
2023-12-01T00:00:00+0530,11,11.15,10.8,10.9,126873,0
2023-12-04T00:00:00+0530,11.8,11.8,11.1,11.2,130122,0
2023-12-05T00:00:00+0530,11.45,11.45,10.85,10.9,163878,0
2023-12-06T00:00:00+0530,11.25,11.35,11,11,132472,0
2023-12-07T00:00:00+0530,11.1,11.35,11,11.25,115753,0
2023-12-08T00:00:00+0530,11.35,11.35,11,11.1,110285,0
2023-12-11T00:00:00+0530,11.35,11.35,10.95,11.1,127626,0
2023-12-12T00:00:00+0530,11.25,13.3,11.15,13.2,3295926,0
2023-12-13T00:00:00+0530,13.5,15.4,13.05,14.3,3377562,0
2023-12-14T00:00:00+0530,14.5,14.75,13.35,13.5,1218140,0
2023-12-15T00:00:00+0530,13.5,14.8,12.75,14.4,2489791,0
2023-12-18T00:00:00+0530,15,17.25,14.6,17.25,5670062,0
2023-12-19T00:00:00+0530,17.45,17.55,15.7,16.3,2901607,0
2023-12-20T00:00:00+0530,17.05,17.2,15,15.2,1239952,0
2023-12-21T00:00:00+0530,15.2,16.05,14.7,15.85,537148,0
2023-12-22T00:00:00+0530,16.05,16.7,16,16.15,580487,0
2023-12-26T00:00:00+0530,16.85,16.85,15.95,16.05,632733,0
2023-12-27T00:00:00+0530,16.45,16.45,15,15.3,649123,0
2023-12-28T00:00:00+0530,15.5,15.7,15.2,15.35,241052,0
2023-12-29T00:00:00+0530,15.45,15.7,14.6,15.45,191586,0
2024-01-01T00:00:00+0530,15.8,16.2,15.05,16,302648,0
2024-01-02T00:00:00+0530,16.2,16.3,15.5,16,221411,0
2024-01-03T00:00:00+0530,16.5,16.5,15.6,15.85,342397,0
2024-01-04T00:00:00+0530,16.15,16.35,15.6,16,287067,0
2024-01-05T00:00:00+0530,16.45,16.45,15.9,16.1,211959,0
2024-01-08T00:00:00+0530,16.7,16.7,16.1,16.45,357456,0
2024-01-09T00:00:00+0530,17,17,16.1,16.45,277299,0
2024-01-10T00:00:00+0530,16.75,16.75,15.85,16.35,256406,0
2024-01-11T00:00:00+0530,16.7,16.7,15.95,16.1,201140,0
2024-01-12T00:00:00+0530,16.4,16.9,16,16.3,149732,0
2024-01-15T00:00:00+0530,16.7,16.7,16,16,190275,0
2024-01-16T00:00:00+0530,16.3,16.3,15.2,15.65,164535,0
2024-01-17T00:00:00+0530,15.55,16.1,15.3,15.8,169715,0
2024-01-18T00:00:00+0530,15.8,16.3,15.1,16,150841,0
2024-01-19T00:00:00+0530,16.4,16.4,15.6,15.65,206090,0
2024-01-20T00:00:00+0530,15.65,16.15,15.65,15.95,123746,0
2024-01-23T00:00:00+0530,16.45,16.5,16,16.2,265875,0
2024-01-24T00:00:00+0530,16.45,16.45,15.7,16.15,203484,0
2024-01-25T00:00:00+0530,16.65,16.95,16.4,16.95,487426,0
2024-01-29T00:00:00+0530,17.75,17.75,17.75,17.75,609210,0
2024-01-30T00:00:00+0530,18.55,18.6,18.3,18.6,681613,0
2024-01-31T00:00:00+0530,19.3,19.5,17.7,19,1078755,0
2024-02-01T00:00:00+0530,19.55,19.95,19.4,19.95,901010,0
2024-02-02T00:00:00+0530,20.5,20.9,20.05,20.65,975647,0
2024-02-05T00:00:00+0530,20.95,20.95,19.65,19.65,253325,0
2024-02-06T00:00:00+0530,19,19,18.7,18.7,161295,0
2024-02-07T00:00:00+0530,17.8,17.8,17.8,17.8,267877,0
2024-02-08T00:00:00+0530,17,18.65,17,18.65,440981,0
2024-02-09T00:00:00+0530,18.5,18.5,17.75,17.8,278001,0
2024-02-12T00:00:00+0530,18.2,18.65,17.8,18.65,436832,0
2024-02-13T00:00:00+0530,19.5,19.55,17.75,17.8,254409,0
2024-02-14T00:00:00+0530,17.8,18.5,16.95,18.2,263732,0
2024-02-15T00:00:00+0530,19,19.1,17.55,18.7,267607,0
2024-02-16T00:00:00+0530,19,19,18,18.25,161862,0
2024-02-19T00:00:00+0530,18.9,19.05,17.6,18.4,258561,0
2024-02-20T00:00:00+0530,18.7,18.9,18.15,18.5,155509,0
2024-02-21T00:00:00+0530,18.95,18.95,17.8,17.9,124362,0
2024-02-22T00:00:00+0530,18,18.1,17.3,17.55,105936,0
2024-02-23T00:00:00+0530,17.8,18,17.35,17.5,124946,0
2024-02-26T00:00:00+0530,18.15,18.35,18.1,18.35,185283,0
2024-02-27T00:00:00+0530,18.8,18.9,18,18.25,224102,0
2024-02-28T00:00:00+0530,18.75,18.8,17.35,17.45,162567,0
2024-02-29T00:00:00+0530,17.75,18,17.5,17.95,124757,0
2024-03-01T00:00:00+0530,18.35,18.4,17.75,17.85,145904,0
2024-03-02T00:00:00+0530,17.85,18.65,17.6,18,56683,0
2024-03-04T00:00:00+0530,18.75,18.75,17.45,18,163238,0
2024-03-05T00:00:00+0530,18,18,17.15,17.25,133530,0
2024-03-06T00:00:00+0530,17.05,17.05,16.4,16.5,141718,0
2024-03-07T00:00:00+0530,15.75,17,15.7,16.25,161345,0
2024-03-11T00:00:00+0530,16.55,17,16.25,16.45,105326,0
2024-03-12T00:00:00+0530,16.6,16.9,15.65,15.65,116118,0
2024-03-13T00:00:00+0530,15.75,16.15,14.9,14.9,68185,0
2024-03-14T00:00:00+0530,14.9,15.6,14.15,15.5,117833,0
2024-03-15T00:00:00+0530,15.5,16.05,15.1,15.9,59014,0
2024-03-18T00:00:00+0530,16.5,16.5,15.9,16.4,67346,0
2024-03-19T00:00:00+0530,16.25,16.6,15.65,16.35,72517,0
2024-03-20T00:00:00+0530,16.1,16.15,15.55,15.55,65685,0
2024-03-21T00:00:00+0530,15.45,16.25,14.95,15.7,61306,0
2024-03-22T00:00:00+0530,15.7,16.15,15.15,15.4,89328,0
2024-03-26T00:00:00+0530,15.45,16,15.45,15.75,60980,0
2024-03-27T00:00:00+0530,16,16,15,15.1,103979,0
2024-03-28T00:00:00+0530,15,15.4,14.5,14.7,112528,0
2024-04-01T00:00:00+0530,15.2,15.4,14.95,15.4,45640,0
2024-04-02T00:00:00+0530,16.1,16.15,15.9,16.15,38199,0
2024-04-03T00:00:00+0530,16.6,16.95,16.15,16.95,76521,0
2024-04-04T00:00:00+0530,17.75,17.75,17.3,17.75,92391,0
2024-04-05T00:00:00+0530,18.6,18.6,17.8,18.2,209804,0
2024-04-08T00:00:00+0530,17.85,17.85,17.85,17.85,20264,0
2024-04-09T00:00:00+0530,17.5,17.5,17.5,17.5,5493,0
2024-04-10T00:00:00+0530,17.15,17.15,17.15,17.15,18845,0
2024-04-12T00:00:00+0530,16.85,16.85,16.8,16.8,73312,0
2024-04-15T00:00:00+0530,16.5,16.5,16.5,16.5,27587,0
2024-04-16T00:00:00+0530,16.2,16.2,16.2,16.2,22035,0
2024-04-18T00:00:00+0530,16.2,16.2,15.9,15.9,36836,0
2024-04-19T00:00:00+0530,15.8,15.8,15.7,15.75,24522,0
2024-04-22T00:00:00+0530,15.75,15.75,15.55,15.55,32878,0
2024-04-23T00:00:00+0530,15.55,15.55,15.45,15.45,30872,0
2024-04-24T00:00:00+0530,15.45,15.45,15.45,15.45,45534,0
2024-04-25T00:00:00+0530,15.45,15.45,15.45,15.45,24660,0
2024-04-26T00:00:00+0530,15.45,15.45,15.45,15.45,46920,0
2024-04-29T00:00:00+0530,15.45,15.45,15.15,15.15,34392,0
2024-04-30T00:00:00+0530,15.15,15.15,15,15,30566,0
2024-05-02T00:00:00+0530,15,15,15,15,55905,0
2024-05-03T00:00:00+0530,15,15,14.9,14.9,22640,0
2024-05-06T00:00:00+0530,14.9,14.9,14.9,14.9,36172,0
2024-05-07T00:00:00+0530,14.9,14.9,14.7,14.7,21067,0
2024-05-08T00:00:00+0530,14.7,14.7,14.5,14.5,42525,0
2024-05-09T00:00:00+0530,14.5,14.65,14.5,14.55,17285,0
2024-05-10T00:00:00+0530,14.5,14.5,14.4,14.4,18688,0
2024-05-13T00:00:00+0530,14.3,15.1,14.25,15.1,91405,0
2024-05-14T00:00:00+0530,15.7,15.85,15.45,15.85,104148,0
2024-05-15T00:00:00+0530,15.85,16.45,15.85,16.3,102064,0
2024-05-16T00:00:00+0530,16.3,16.75,16.1,16.4,104350,0
2024-05-17T00:00:00+0530,16.45,16.6,16,16.3,99053,0
2024-05-18T00:00:00+0530,17,17.1,16.3,17.05,49017,0
2024-05-21T00:00:00+0530,17.8,17.9,17.4,17.9,248690,0
2024-05-22T00:00:00+0530,18.45,18.6,17,17.55,240723,0
2024-05-23T00:00:00+0530,18,18,17.1,17.25,172785,0
2024-05-24T00:00:00+0530,17.5,17.85,16.55,17.35,141885,0
2024-05-27T00:00:00+0530,17.75,18.2,17.5,18.1,559416,0
2024-05-28T00:00:00+0530,18.65,18.65,17.3,17.65,423345,0
2024-05-29T00:00:00+0530,18,18.2,17.65,17.9,211012,0
2024-05-30T00:00:00+0530,18.1,18.5,17.25,17.4,206478,0
2024-05-31T00:00:00+0530,17.4,18.1,17.4,17.85,287343,0
2024-06-03T00:00:00+0530,18.7,18.7,18.2,18.7,473655,0
2024-06-04T00:00:00+0530,19.4,19.4,17.8,17.8,273089,0
2024-06-05T00:00:00+0530,17.75,17.75,16.95,16.95,273095,0
2024-06-06T00:00:00+0530,17.3,17.75,16.8,17.75,180575,0
2024-06-07T00:00:00+0530,19,19.5,18.1,18.75,1396033,0
2024-06-10T00:00:00+0530,19.7,19.7,18.1,18.29,411665,0
2024-06-11T00:00:00+0530,18.31,18.62,18.31,18.37,192354,0
2024-06-12T00:00:00+0530,18.25,19.49,17.9,18.98,345764,0
2024-06-13T00:00:00+0530,19.69,19.69,18.55,18.68,181963,0
2024-06-14T00:00:00+0530,19.1,19.25,18.66,18.69,224069,0
2024-06-18T00:00:00+0530,19.4,20.55,19,20.55,909315,0
2024-06-19T00:00:00+0530,20.56,22,19.07,21.18,1385978,0
2024-06-20T00:00:00+0530,22,23.29,21.25,23.29,1359328,0
2024-06-21T00:00:00+0530,23.9,24.3,21.15,21.95,1801255,0
2024-06-24T00:00:00+0530,23.18,24.14,22.11,24.14,1349668,0
2024-06-25T00:00:00+0530,24.15,25.34,24.14,25.34,1832160,0
2024-06-26T00:00:00+0530,25.8,26.45,24.07,24.07,2518736,0
2024-06-27T00:00:00+0530,24.11,25.27,22.86,23.18,1795730,0
2024-06-28T00:00:00+0530,23.65,24.33,22.6,24.33,881782,0
2024-07-01T00:00:00+0530,25.25,25.54,25.2,25.54,1263879,0
2024-07-02T00:00:00+0530,26.69,26.81,26.45,26.81,310912,0
2024-07-03T00:00:00+0530,28.15,28.15,28.15,28.15,171740,0
2024-07-04T00:00:00+0530,29.55,29.55,29.55,29.55,148633,0
2024-07-05T00:00:00+0530,29.55,29.6,28.07,28.07,479148,0
2024-07-08T00:00:00+0530,26.66,26.66,26.66,26.66,170270,0
2024-07-09T00:00:00+0530,25.32,26.66,25.32,25.32,685038,0
2024-07-10T00:00:00+0530,24.05,24.05,24.05,24.05,300252,0
2024-07-11T00:00:00+0530,23,25.25,22.84,25.25,803969,0
2024-07-12T00:00:00+0530,26,26.51,26,26.51,310453,0
2024-07-15T00:00:00+0530,27.83,27.83,27,27.83,363072,0
2024-07-16T00:00:00+0530,29.22,29.22,26.43,27.54,1069277,0
2024-07-18T00:00:00+0530,27.82,28.5,26.9,27.13,370644,0
2024-07-19T00:00:00+0530,27.7,27.9,25.85,26.15,230431,0
2024-07-22T00:00:00+0530,26.35,27.45,24.9,27.38,374182,0
2024-07-23T00:00:00+0530,28.3,28.4,26.06,26.77,356967,0
2024-07-24T00:00:00+0530,26.75,27.89,25.43,27.05,349190,0
2024-07-25T00:00:00+0530,26.89,26.89,26,26.27,202481,0
2024-07-26T00:00:00+0530,26.48,26.48,25.15,25.43,339579,0
2024-07-29T00:00:00+0530,25.47,25.47,24.3,24.53,343434,0
2024-07-30T00:00:00+0530,24.7,25.75,23.72,25.75,331091,0
2024-07-31T00:00:00+0530,26.15,26.15,25,25.11,234919,0
2024-08-01T00:00:00+0530,25.15,25.29,24.3,24.44,224292,0
2024-08-02T00:00:00+0530,24.35,25.5,24.01,24.97,198627,0
2024-08-05T00:00:00+0530,24.03,24.5,23.72,23.72,283690,0
2024-08-06T00:00:00+0530,23.01,24.49,22.55,22.62,242661,0
2024-08-07T00:00:00+0530,22.71,23.5,21.6,23.26,187930,0
2024-08-08T00:00:00+0530,23.65,23.99,23.26,23.56,133989,0
2024-08-09T00:00:00+0530,23.5,23.8,22.86,22.96,126037,0
2024-08-12T00:00:00+0530,22.46,23.4,22.01,23.14,169064,0
2024-08-13T00:00:00+0530,22.85,22.89,22,22.13,173278,0
2024-08-14T00:00:00+0530,22.17,22.38,21.1,21.38,183121,0
2024-08-16T00:00:00+0530,20.85,22.44,20.85,22.44,293193,0
2024-08-19T00:00:00+0530,22.39,23.49,22.3,23.22,239576,0
2024-08-20T00:00:00+0530,23.98,23.98,22.05,22.53,293201,0
2024-08-21T00:00:00+0530,22.43,22.43,21.95,22.13,158821,0
2024-08-22T00:00:00+0530,22.28,22.4,21.28,21.83,211675,0
2024-08-23T00:00:00+0530,21.98,22.47,21.9,22.11,117924,0
2024-08-26T00:00:00+0530,22.11,22.85,21.1,21.52,147764,0
2024-08-27T00:00:00+0530,21.5,21.89,21.05,21.4,113956,0
2024-08-28T00:00:00+0530,21.83,21.83,21.15,21.33,95901,0
2024-08-29T00:00:00+0530,21.64,21.65,21.1,21.13,90906,0
2024-08-30T00:00:00+0530,21,21.45,20.55,20.81,101017,0
2024-09-02T00:00:00+0530,20.8,21.34,20.25,20.82,121532,0
2024-09-03T00:00:00+0530,20.61,21.1,20.61,20.86,94711,0
2024-09-04T00:00:00+0530,20.95,21.48,20.05,20.55,124845,0
2024-09-05T00:00:00+0530,20.4,21.57,20.1,21.56,147543,0
2024-09-06T00:00:00+0530,22.44,22.44,21,21.05,188682,0
2024-09-09T00:00:00+0530,20.75,21.35,20.06,20.45,90633,0
2024-09-10T00:00:00+0530,20.45,21.25,20.16,21.07,74370,0
2024-09-11T00:00:00+0530,21.39,22.12,21.1,22.12,235783,0
2024-09-12T00:00:00+0530,22.99,22.99,22.25,22.66,290000,0
2024-09-13T00:00:00+0530,22.79,23,21.65,22.49,191006,0
2024-09-16T00:00:00+0530,22.95,22.95,21.9,22.21,166458,0
2024-09-17T00:00:00+0530,23.32,23.32,23,23.32,284360,0
2024-09-18T00:00:00+0530,23.98,24.48,23.94,24.48,385965,0
2024-09-19T00:00:00+0530,25.6,25.7,23.25,25.64,969117,0
2024-09-20T00:00:00+0530,26,26,24.4,24.66,401991,0
2024-09-23T00:00:00+0530,24.5,25.39,23.6,23.78,245132,0
2024-09-24T00:00:00+0530,24,24.7,23.78,24.17,200941,0
2024-09-25T00:00:00+0530,24.65,25.37,24.17,24.71,250795,0
2024-09-26T00:00:00+0530,24.9,24.9,23.5,24.18,161896,0
2024-09-27T00:00:00+0530,24.5,24.5,23.5,23.92,166614,0
2024-09-30T00:00:00+0530,24.4,24.51,23,23.35,125385,0
2024-10-01T00:00:00+0530,23.65,24,23.5,23.83,143907,0
2024-10-03T00:00:00+0530,23.5,23.75,23,23.09,195484,0
2024-10-04T00:00:00+0530,23.01,23.7,22,22.25,145377,0
2024-10-07T00:00:00+0530,22,22,21.13,21.13,153586,0
2024-10-08T00:00:00+0530,20.89,22.18,20.07,22.18,220861,0
2024-10-09T00:00:00+0530,22.2,23.15,22.2,22.74,200085,0
2024-10-10T00:00:00+0530,22.85,22.85,22,22.07,106081,0
2024-10-11T00:00:00+0530,22.6,22.6,21.25,21.7,98371,0
2024-10-14T00:00:00+0530,22.05,22.78,22.05,22.78,102252,0
2024-10-15T00:00:00+0530,23.6,23.91,22.83,23.91,270325,0
2024-10-16T00:00:00+0530,23.62,24.7,23.35,24.4,443659,0
2024-10-17T00:00:00+0530,24.69,24.69,23.21,23.52,181114,0
2024-10-18T00:00:00+0530,23.35,23.86,22.52,23.25,225868,0
2024-10-21T00:00:00+0530,23.69,23.69,22.08,22.25,158007,0
2024-10-22T00:00:00+0530,22.9,22.9,21.13,21.13,173689,0
2024-10-23T00:00:00+0530,20.64,21.12,20.16,20.4,218356,0
2024-10-24T00:00:00+0530,21.34,21.34,20.2,20.41,123914,0
2024-10-25T00:00:00+0530,20.16,20.96,19.5,19.99,178626,0
2024-10-28T00:00:00+0530,19.98,20.98,19.62,20.98,128731,0
2024-10-29T00:00:00+0530,21.74,21.74,20.38,20.8,148253,0
2024-10-30T00:00:00+0530,20.79,21.84,20.39,21.84,65405,0
2024-10-31T00:00:00+0530,22.1,22.49,21.51,22.34,130341,0
2024-11-01T00:00:00+0530,22.79,23.45,22,23.14,107233,0
2024-11-04T00:00:00+0530,24.14,24.14,22.25,22.4,165691,0
2024-11-05T00:00:00+0530,22.4,22.73,21.92,22.05,124712,0
2024-11-06T00:00:00+0530,22.25,22.88,22.13,22.51,128344,0
2024-11-07T00:00:00+0530,23.44,23.44,22.8,22.91,121383,0
2024-11-08T00:00:00+0530,23.39,23.39,22.03,22.09,97513,0
2024-11-11T00:00:00+0530,22.1,22.94,21.6,21.79,68033,0
2024-11-12T00:00:00+0530,21.99,22.37,21.01,21.41,54095,0
2024-11-13T00:00:00+0530,21.1,21.59,20.33,20.33,196329,0
2024-11-14T00:00:00+0530,20.16,20.89,19.56,20.47,124039,0
2024-11-18T00:00:00+0530,20.99,20.99,19.85,20.04,127579,0
2024-11-19T00:00:00+0530,20.59,20.59,19.19,20.03,197713,0
2024-11-21T00:00:00+0530,20.03,20.27,19.2,19.31,147116,0
2024-11-22T00:00:00+0530,19.88,19.99,19.21,19.37,80066,0
2024-11-25T00:00:00+0530,20,20,19.21,19.38,98319,0
2024-11-26T00:00:00+0530,19.81,19.89,19.1,19.23,135837,0
2024-11-27T00:00:00+0530,19.6,19.88,19.48,19.85,83351,0
2024-11-28T00:00:00+0530,20,20.84,20,20.69,152630,0
2024-11-29T00:00:00+0530,20.23,20.73,19.8,19.97,162028,0
2024-12-02T00:00:00+0530,20.37,20.54,19.91,20.38,91063,0
2024-12-03T00:00:00+0530,20.78,21.39,20.35,21.39,114834,0
2024-12-04T00:00:00+0530,22.34,22.45,21.12,22.45,258955,0
2024-12-05T00:00:00+0530,23.36,23.36,21.81,22.38,284368,0
2024-12-06T00:00:00+0530,23.1,23.3,22.26,22.85,260627,0
2024-12-09T00:00:00+0530,22.86,23.69,22.86,23.44,232420,0
2024-12-10T00:00:00+0530,23.45,23.53,22.9,23.03,227405,0
2024-12-11T00:00:00+0530,23.04,23.37,22.61,22.82,133215,0
2024-12-12T00:00:00+0530,22.99,22.99,22.32,22.66,98408,0
2024-12-13T00:00:00+0530,22.66,23.55,22.36,23.08,190607,0
2024-12-16T00:00:00+0530,22.9,23.88,22.9,23.26,245360,0
2024-12-17T00:00:00+0530,23.35,24.3,23.35,23.96,381448,0
2024-12-18T00:00:00+0530,24.38,24.39,23.5,24.13,212228,0
2024-12-19T00:00:00+0530,23.99,25,23,24.01,341311,0
2024-12-20T00:00:00+0530,23.83,23.98,23.2,23.22,148485,0
2024-12-23T00:00:00+0530,23.68,25,23.24,23.96,338794,0
2024-12-24T00:00:00+0530,24.85,24.94,23.6,23.64,177118,0
2024-12-26T00:00:00+0530,23.22,24.5,23.22,24.07,212377,0
2024-12-27T00:00:00+0530,23.62,24.6,23.62,24.3,120259,0
2024-12-30T00:00:00+0530,24.21,24.9,22.85,23.36,386370,0
2024-12-31T00:00:00+0530,23.36,23.89,23.17,23.55,139685,0
2025-01-01T00:00:00+0530,23.11,23.68,23.11,23.34,90358,0
2025-01-02T00:00:00+0530,24.99,24.99,23.69,24.03,153778,0
2025-01-03T00:00:00+0530,23.95,26.43,23.95,24.61,1151298,0
2025-01-06T00:00:00+0530,24.61,24.61,23,23.14,338125,0
2025-01-07T00:00:00+0530,23,24.61,22.76,24.5,335157,0
2025-01-08T00:00:00+0530,24.7,24.86,23.9,24.29,206845,0
2025-01-09T00:00:00+0530,24.78,24.78,23.5,23.63,124209,0
2025-01-10T00:00:00+0530,23.5,23.5,22.04,22.32,243997,0
2025-01-13T00:00:00+0530,22,22.04,20.61,21.78,205834,0
2025-01-14T00:00:00+0530,21.82,22.22,21.4,21.88,106166,0
2025-01-15T00:00:00+0530,21.96,21.96,21.45,21.66,84081,0
2025-01-16T00:00:00+0530,21.67,23.82,21.67,23.82,168011,0
2025-01-17T00:00:00+0530,23.73,25.9,23.24,23.84,1457639,0
2025-01-20T00:00:00+0530,24.99,24.99,23.27,23.88,386081,0
2025-01-21T00:00:00+0530,24.19,24.27,22.9,23.01,161266,0
2025-01-22T00:00:00+0530,22.2,22.94,21.9,22.17,185304,0
2025-01-23T00:00:00+0530,22.25,22.71,21.82,22.35,95790,0
2025-01-24T00:00:00+0530,22.43,23.49,22,22.1,86437,0
2025-01-27T00:00:00+0530,21.51,21.52,20.51,20.79,166889,0
2025-01-28T00:00:00+0530,20.01,21.62,19.73,20.68,135774,0
2025-01-29T00:00:00+0530,20.06,21.45,20.06,21.25,84017,0
2025-01-30T00:00:00+0530,21.25,21.77,20.66,20.88,73938,0
2025-01-31T00:00:00+0530,21.3,22.49,20.98,22.12,107893,0
2025-02-01T00:00:00+0530,22.12,22.94,21.5,21.73,105695,0
2025-02-03T00:00:00+0530,21.97,21.97,20.79,21.17,76773,0
2025-02-04T00:00:00+0530,21.6,21.6,20.91,21.14,90608,0
2025-02-05T00:00:00+0530,21.78,21.78,21.2,21.32,46735,0
2025-02-06T00:00:00+0530,21.05,21.79,20.99,21.04,72931,0
2025-02-07T00:00:00+0530,21.5,21.59,20.82,21.23,103630,0
2025-02-10T00:00:00+0530,21.1,21.3,20.25,21.04,74784,0
2025-02-11T00:00:00+0530,21.49,21.49,19.6,19.69,95591,0
2025-02-12T00:00:00+0530,19.7,20,18.25,18.59,300447,0
2025-02-13T00:00:00+0530,20,21.35,19.17,19.68,434177,0
2025-02-14T00:00:00+0530,20.95,20.95,19,19.61,144134,0
2025-02-17T00:00:00+0530,19.01,19.78,18.6,19.48,169766,0
2025-02-18T00:00:00+0530,19.75,19.91,18.9,19.01,141203,0
2025-02-19T00:00:00+0530,19.01,19.75,18.69,19.43,76151,0
2025-02-20T00:00:00+0530,19.74,19.74,19.11,19.46,56871,0
2025-02-21T00:00:00+0530,19.97,19.97,19.11,19.42,71082,0
2025-02-24T00:00:00+0530,19.36,19.36,18.8,19.08,65758,0
2025-02-25T00:00:00+0530,19,19.44,18.9,19.02,51342,0
2025-02-27T00:00:00+0530,19.01,19.42,18.6,18.75,38261,0
2025-02-28T00:00:00+0530,18.5,18.75,17.55,17.9,135743,0
2025-03-03T00:00:00+0530,17.11,18.47,16.63,17.46,360058,0
2025-03-04T00:00:00+0530,16.9,19.99,16.9,19.67,248761,0
2025-03-05T00:00:00+0530,19.99,20.24,19.27,19.93,190427,0
2025-03-06T00:00:00+0530,19.9,20.5,19.61,20.2,87589,0
2025-03-07T00:00:00+0530,20.2,21.25,20.01,20.83,141628,0
2025-03-10T00:00:00+0530,21.43,21.43,20.05,20.16,125198,0
2025-03-11T00:00:00+0530,19.15,20.3,19.15,20.01,137683,0
2025-03-12T00:00:00+0530,19.63,20.6,19.63,19.98,141856,0
2025-03-13T00:00:00+0530,20.5,20.5,19.4,19.53,91288,0
2025-03-17T00:00:00+0530,19.25,20.39,18.45,19.12,155119,0
2025-03-18T00:00:00+0530,20,20.7,19.6,20,151707,0
2025-03-19T00:00:00+0530,20.01,20.37,19.94,20.16,145371,0
2025-03-20T00:00:00+0530,20.49,20.6,19.6,19.83,195932,0
2025-03-21T00:00:00+0530,20,20.4,19.81,20.01,81499,0
2025-03-24T00:00:00+0530,20.2,20.49,20.05,20.19,100851,0
2025-03-25T00:00:00+0530,20.49,20.49,19.88,19.95,78262,0
2025-03-26T00:00:00+0530,19.97,19.97,19.19,19.47,124912,0
2025-03-27T00:00:00+0530,19.47,19.77,19,19.21,123851,0
2025-03-28T00:00:00+0530,19.21,19.58,18.5,18.85,133092,0
2025-04-01T00:00:00+0530,19,19.88,18.92,19.1,62141,0
2025-04-02T00:00:00+0530,19.01,19.49,18.91,19.05,22910,0
2025-04-03T00:00:00+0530,18.9,19.51,18.9,19.14,35116,0
2025-04-04T00:00:00+0530,19.2,19.45,18.9,18.97,41993,0
2025-04-07T00:00:00+0530,16.51,18.49,16.3,18.04,139696,0
2025-04-08T00:00:00+0530,18.49,18.69,18.14,18.55,28687,0
2025-04-09T00:00:00+0530,18.83,18.83,18.3,18.34,22170,0
2025-04-11T00:00:00+0530,18.51,19.1,18.51,18.66,39743,0
2025-04-15T00:00:00+0530,19,19.5,18.85,19.08,57961,0
2025-04-16T00:00:00+0530,19.41,19.41,18.55,18.71,92178,0
2025-04-17T00:00:00+0530,19.48,19.48,18.5,18.62,113497,0
2025-04-21T00:00:00+0530,18.62,19.47,18.62,18.91,72726,0
2025-04-22T00:00:00+0530,19.29,19.29,18.75,18.93,87894,0
2025-04-23T00:00:00+0530,19.18,19.18,18.6,18.88,123553,0
2025-04-24T00:00:00+0530,18.76,19,18.7,18.73,55715,0
2025-04-25T00:00:00+0530,18.99,18.99,18.05,18.37,82265,0
2025-04-28T00:00:00+0530,18.05,18.74,18.05,18.32,50812,0
2025-04-29T00:00:00+0530,18.69,18.89,17.8,18.09,85535,0
2025-04-30T00:00:00+0530,18.05,18.23,17.6,17.76,46547,0
2025-05-02T00:00:00+0530,17.65,17.98,17.4,17.47,49075,0
2025-05-05T00:00:00+0530,17.5,18.75,17.5,18.32,75727,0
2025-05-06T00:00:00+0530,18.07,18.32,17.12,17.66,75917,0
2025-05-07T00:00:00+0530,17.15,18.5,17,18.18,73074,0
2025-05-08T00:00:00+0530,18.01,18.51,17.65,18.21,50120,0
2025-05-09T00:00:00+0530,18.15,18.15,17.11,17.49,67557,0
2025-05-12T00:00:00+0530,18.75,18.75,17.84,18.35,75935,0
2025-05-13T00:00:00+0530,18.69,18.99,18.3,18.55,61655,0
2025-05-14T00:00:00+0530,18.89,19.19,18.5,18.85,85916,0
2025-05-15T00:00:00+0530,19.2,19.8,18.92,19.28,202824,0
2025-05-16T00:00:00+0530,19.7,20.2,19.27,19.92,122853,0
2025-05-19T00:00:00+0530,20.32,20.4,19.87,20.3,111310,0
2025-05-20T00:00:00+0530,20.49,23.5,19.67,21.49,791097,0
2025-05-21T00:00:00+0530,21.76,22.61,20.4,20.81,317084,0
2025-05-22T00:00:00+0530,20.99,20.99,19.15,19.7,220315,0
2025-05-23T00:00:00+0530,19.7,20.5,19.52,20.09,161745,0
2025-05-26T00:00:00+0530,20.19,20.43,19.62,19.88,77805,0
2025-05-27T00:00:00+0530,20.13,20.28,19.76,20.09,83240,0
2025-05-28T00:00:00+0530,20,20.19,19.8,20.03,104780,0
2025-05-29T00:00:00+0530,20.03,21,19.26,20.06,234000,0
2025-05-30T00:00:00+0530,20.08,20.58,20.01,20.16,159966,0
2025-06-02T00:00:00+0530,20.29,20.89,20.1,20.34,128233,0
2025-06-03T00:00:00+0530,20.7,20.7,20.01,20.13,96006,0
2025-06-04T00:00:00+0530,20.45,20.45,19.82,20.09,192594,0
2025-06-05T00:00:00+0530,20.4,20.4,19.9,19.98,209422,0
2025-06-06T00:00:00+0530,19.98,20.34,19.7,19.99,217597,0
2025-06-09T00:00:00+0530,19.71,20.2,19.71,19.96,86615,0
2025-06-10T00:00:00+0530,19.9,20.23,19.9,19.97,124993,0
2025-06-11T00:00:00+0530,20.49,21.15,19.6,20.14,324520,0
2025-06-12T00:00:00+0530,20.4,20.4,19.7,19.81,89008,0
2025-06-13T00:00:00+0530,19.7,19.72,19.17,19.42,75835,0
2025-06-16T00:00:00+0530,19.3,19.68,18.98,19.22,288648,0
2025-06-17T00:00:00+0530,19.22,19.6,19.02,19.27,191934,0
2025-06-18T00:00:00+0530,19.7,19.7,19.23,19.49,120548,0
2025-06-19T00:00:00+0530,19.5,19.8,19.01,19.08,49629,0
2025-06-20T00:00:00+0530,19.02,19.85,18.65,18.97,129187,0
2025-06-23T00:00:00+0530,18.75,19.39,18.75,19.25,87455,0
2025-06-24T00:00:00+0530,19.21,19.5,18.66,19,96991,0
2025-06-25T00:00:00+0530,19.01,19.61,19.01,19.32,62997,0
2025-06-26T00:00:00+0530,19.78,19.78,19.3,19.46,49907,0
2025-06-27T00:00:00+0530,19.4,19.9,19.2,19.34,109256,0
2025-06-30T00:00:00+0530,19.6,19.75,19,19.35,67481,0
2025-07-01T00:00:00+0530,19.6,19.79,19.44,19.52,60993,0
2025-07-02T00:00:00+0530,19.4,19.95,19.4,19.47,80380,0
2025-07-03T00:00:00+0530,19.39,19.75,19.2,19.34,79957,0
2025-07-04T00:00:00+0530,19.7,19.71,19.1,19.15,75483,0
2025-07-07T00:00:00+0530,19.14,19.35,19,19.03,87384,0
2025-07-08T00:00:00+0530,18.9,19.22,18.9,19.04,79165,0
2025-07-09T00:00:00+0530,19.44,19.44,19.03,19.11,47682,0
2025-07-10T00:00:00+0530,19.1,19.44,18.91,18.98,35939,0
2025-07-11T00:00:00+0530,19.38,19.38,18.6,18.77,77195,0
2025-07-14T00:00:00+0530,18.78,19.09,18.6,18.65,55394,0
2025-07-15T00:00:00+0530,18.99,19,18.5,18.76,82009,0
2025-07-16T00:00:00+0530,18.63,18.99,18.63,18.69,55134,0
2025-07-17T00:00:00+0530,18.67,18.86,18.6,18.69,43969,0
2025-07-18T00:00:00+0530,19.09,19.7,18.65,19.04,64276,0
2025-07-21T00:00:00+0530,19.09,19.65,19.09,19.38,112495,0
2025-07-22T00:00:00+0530,19.41,19.59,18.91,18.97,74917,0
2025-07-23T00:00:00+0530,18.85,19.45,18.71,18.89,71463,0
2025-07-24T00:00:00+0530,18.74,19.12,18.62,18.69,36441,0
2025-07-25T00:00:00+0530,18.6,19.4,18.51,19.04,69216,0
2025-07-28T00:00:00+0530,19.04,19.5,18.78,18.81,72018,0
2025-07-29T00:00:00+0530,19,19.22,18.6,18.78,53140,0
2025-07-30T00:00:00+0530,18.61,19.09,17.9,18.27,139484,0
2025-07-31T00:00:00+0530,18.6,19.9,18.18,18.81,310157,0
2025-08-01T00:00:00+0530,18.9,20.95,18.31,18.66,1077862,0
2025-08-04T00:00:00+0530,18.56,20.7,18.3,18.76,716237,0
2025-08-05T00:00:00+0530,18.7,19,18.36,18.63,130292,0
2025-08-06T00:00:00+0530,18.51,19.18,18.11,18.21,108431,0
2025-08-07T00:00:00+0530,18.05,18.34,17.79,17.99,118484,0
2025-08-08T00:00:00+0530,17.99,18.47,17.85,18.02,120526,0
2025-08-11T00:00:00+0530,18.2,18.5,18.02,18.2,55732,0
2025-08-12T00:00:00+0530,18.3,18.55,18.1,18.17,49730,0
2025-08-13T00:00:00+0530,18.49,18.63,18.17,18.23,35060,0
2025-08-14T00:00:00+0530,18.3,18.62,18.21,18.27,51694,0
2025-08-18T00:00:00+0530,18.75,18.9,18.31,18.73,104033,0
2025-08-19T00:00:00+0530,18.77,18.89,18.64,18.81,28498,0
2025-08-20T00:00:00+0530,18.99,19,18.61,18.87,82844,0
2025-08-21T00:00:00+0530,18.87,19.39,18.87,19.03,83692,0
2025-08-22T00:00:00+0530,19.25,19.3,18.91,19.04,106001,0
2025-08-25T00:00:00+0530,19.03,19.28,19,19.09,85557,0
2025-08-26T00:00:00+0530,19.3,19.3,18.4,18.55,76815,0
2025-08-28T00:00:00+0530,18.02,18.72,18.02,18.55,45488,0
2025-08-29T00:00:00+0530,18.2,19.1,18.2,18.92,60588,0
2025-09-01T00:00:00+0530,19.1,19.52,18.62,19.23,151075,0
2025-09-02T00:00:00+0530,19.57,19.57,19.1,19.18,59072,0
2025-09-03T00:00:00+0530,19.17,20.6,19.1,20.21,421999,0
2025-09-04T00:00:00+0530,20.48,22.6,20.35,20.8,879504,0
2025-09-05T00:00:00+0530,21.1,24.89,20.8,24.32,2380161,0
